{
  "name": "via2d",
  "K": 4,
  "M": 2,
  "Priors": [
    0.32575757575757575,
    0.12878787878787878,
    0.35606060606060608,
    0.18939393939393939
  ],
  "Mu": [
    0.70407585142037943,
    0.75149833654003506,
    0.65224520377596085,
    0.82030633245688056,
    0.50156414919175174,
    0.81255139757096417,
    0.30527413864596525,
    0.79840669830216515
  ],
  "Sigma": [
    0.00054888850067638922,
    -0.00020651183064091495,
    -0.00020651183064091498,
    0.002056690219558694,
    0.00263876515966715,
    8.8460294988205455E-7,
    8.8460294988205445E-7,
    0.00068748146545587218,
    0.0065661179838925532,
    0.00069103901671963789,
    0.00069103901671963778,
    0.0017633440212828032,
    0.0084181109259119525,
    -0.0013676793519895557,
    -0.0013676793519895557,
    0.0024793192201537167
  ],
  "A": [
    -25.537227564595394,
    0.67595483960487646,
    0.67595483960487646,
    -4.6959872597950163,
    -6.5706586292688627,
    -1.7151960402507773,
    0.59393289393184634,
    -0.01848003692876473,
    -1.541419124000327,
    -0.32514626319721684,
    0.24309533430249944,
    -0.049714984588312049,
    -0.6252550962596678,
    -0.56212343800402464,
    0.92604968475955629,
    -2.8657508396581135
  ],
  "B": [
    17.402890907492079,
    2.8140226941227144,
    4.18370801473595,
    1.2135732540291422,
    0.908826652787469,
    0.26240287344996666,
    -0.21055621195057939,
    2.399511994363722
  ],
  "attractor": [
    0.7,
    0.69999999999999984
  ],
  "att_all": [
    0.7,
    0.69999999999999984
  ],
  "dt": 0.01687920140447707,
  "joint": [
    0.19404483542733769,
    0.79290925161273318,
    0.43701463112420746,
    0.79437561690876357,
    0.59543483072247327,
    0.82268235285557634,
    0.7,
    0.81097049706537028,
    0.7,
    0.7
  ],
  "gripper_open": 1
}