{
  "name": "via2d",
  "K": 5,
  "M": 2,
  "Priors": [
    0.23076923076923078,
    0.16346153846153846,
    0.18269230769230768,
    0.21153846153846154,
    0.21153846153846154
  ],
  "Mu": [
    0.72101227905019938,
    0.29525913447136021,
    0.63533485142993862,
    0.35628535576440368,
    0.64584020952999877,
    0.45826271382677908,
    0.67663394089410589,
    0.57492188434703728,
    0.70181597060564715,
    0.66950600408826388
  ],
  "Sigma": [
    0.0024618058995624905,
    -0.000773319536323514,
    -0.00077331953632351377,
    0.0010398271015915046,
    0.00053072639570193533,
    5.4670634067887628E-5,
    5.4670634067887635E-5,
    0.0015500287126744281,
    0.0012498976880887731,
    -0.00024275799808360333,
    -0.00024275799808360328,
    0.0037165153616002034,
    0.0012720468492502953,
    0.00054704329320402279,
    0.0005470432932040229,
    0.0034974535463644396,
    0.00049102294855579611,
    -8.0630478450913917E-5,
    -8.0630478450913917E-5,
    0.00096045703522745947
  ],
  "A": [
    -6.3626371971238838,
    -4.8828900339499661,
    -4.8828900339499661,
    -24.321156885691874,
    -0.90354387876181,
    0.27147041372980507,
    -3.6204871131923744,
    -3.5362782932193295,
    -4.1612313436212576,
    0.45826171646878883,
    -2.6422278211773715,
    -1.3939197698126684,
    -1.1287386092354077,
    -0.79700063505942509,
    -0.705711420929378,
    -1.2640284832585442,
    -4.147360844836288,
    1.9621063708400484,
    -0.68785039699012229,
    -0.52260890906477386
  ],
  "B": [
    6.2816561080470139,
    10.66900060844044,
    1.724085290855037,
    0.79641565200188513,
    3.9515771578865717,
    0.043770349627567574,
    1.0687440506602153,
    0.97230140772213514,
    3.3853644090571646,
    -1.3605498209035187
  ],
  "attractor": [
    0.76912488228403431,
    0.28425655976676384
  ],
  "att_all": [
    0.76912488228403431,
    0.28425655976676384
  ],
  "dt": 6.4471666070139942E+9,
  "joint": [
    0.7,
    0.7,
    0.7,
    0.63705473461782447,
    0.65793867328329025,
    0.50624013400011014,
    0.64332050215749381,
    0.38774646844913152,
    0.63626464360901136,
    0.31924919729143053,
    0.76912488228403431,
    0.28425655976676384
  ],
  "gripper_open": 1
}