{
  "name": "via2d",
  "K": 8,
  "M": 2,
  "Priors": [
    0.1201923076923077,
    0.081730769230769232,
    0.11538461538461539,
    0.18269230769230768,
    0.17045454545454544,
    0.12121212121212122,
    0.12878787878787878,
    0.079545454545454544
  ],
  "Mu": [
    1.2914088013728071,
    0.19472604505521016,
    0.90784056752243847,
    0.14886494571548339,
    0.61964224266395318,
    0.14442424294583608,
    0.49692996712344251,
    0.30119594753911771,
    0.50641610668211323,
    0.45697173550118741,
    0.47289942534603624,
    0.58750455378492927,
    0.38992336359254304,
    0.690817359441718,
    0.26391866293442989,
    0.7614572969745651
  ],
  "Sigma": [
    0.0102367337121081,
    -0.00059229059416342027,
    -0.00059229059416342027,
    0.002616384561540105,
    0.034559175040510225,
    0.013165104098734365,
    0.013165104098734365,
    0.017620778815611436,
    0.015199263777671822,
    0.0024861430549580504,
    0.0024861430549580513,
    0.0071651013277587343,
    0.0013968028580530155,
    -0.00025133992386217865,
    -0.00025133992386217865,
    0.0051414103988294043,
    0.00042419794148223773,
    -6.0823845692808748E-5,
    -6.0823845692808748E-5,
    0.0016821210320212639,
    0.00092560475874159506,
    -0.00057172222810450706,
    -0.000571722228104507,
    0.0014815245579742934,
    0.0013450734026534846,
    -0.00090994896185861917,
    -0.00090994896185861917,
    0.0017694728027062494,
    0.0028991786739990888,
    -0.0010715370510609224,
    -0.0010715370510609224,
    0.0014306951215931223
  ],
  "A": [
    -5.8024826922116741,
    -0.61385770449275112,
    -0.61385770449275112,
    -40.618184506653513,
    -0.93143413954183274,
    0.50629173600706545,
    -20.418397309544464,
    -17.560947056007542,
    0.43352189188765766,
    2.3807741956152011,
    -14.735876103098828,
    -18.864954967843815,
    -0.11533544398658202,
    0.94665437194529511,
    -0.94795349537426632,
    -1.5590997113443379,
    -0.36902525148370269,
    0.97150640805236343,
    -1.3715090297958004,
    -0.62310217097805531,
    -0.28222282035256485,
    -1.1281465834962288,
    0.90237803257863469,
    -5.0422919896426439,
    -0.2318862675149117,
    0.16614474132781906,
    1.1828453512362147,
    -1.078440674979126,
    -0.10235087530828697,
    -0.43415827102846138,
    1.4942986015393278,
    -1.4863142048813092
  ],
  "B": [
    8.2462473101504283,
    8.9830376876156031,
    5.3876872572603869,
    2.803380980793325,
    2.3402445719786278,
    0.43990711970788243,
    0.35106032065687415,
    -1.0134961784554877,
    0.79093715803690245,
    -1.2354885370783515,
    0.21463634197741918,
    2.5878636148237133,
    0.088071704271967768,
    -0.016914502863801334,
    -0.15556849487420241,
    0.90508442041520587
  ],
  "attractor": [
    1.4,
    0.2
  ],
  "att_all": [
    1.4,
    0.2
  ],
  "dt": 0.018677992823740511,
  "joint": [
    0.19404483542733769,
    0.79290925161273318,
    0.35377913076206707,
    0.72350912547013491,
    0.4389554383242158,
    0.63446045454083388,
    0.5,
    0.53225704585563371,
    0.5,
    0.4,
    0.5,
    0.17114913286708322,
    0.78270300632052625,
    0.13203752840068872,
    1.1248100101689857,
    0.2,
    1.4,
    0.2
  ],
  "gripper_open": 1
}