{
    "name": "DAMM result",
    "K": 4,
    "M": 2,
    "Priors": [
        0.2772151898734177,
        0.29240506329113924,
        0.22278481012658227,
        0.20759493670886076
    ],
    "Mu": [
        -1.6560253846581119,
        -0.2020009947645671,
        -3.624722031807828,
        -0.09834355587520358,
        -4.008365939731544,
        0.25535906550517956,
        -3.8525703288416917,
        1.3409845014671704
    ],
    "Sigma": [
        0.14778710306834925,
        0.0,
        0.0,
        0.14778710306834925,
        0.172336247755401,
        0.013727846350519043,
        0.013727846350519043,
        0.04491177037497769,
        0.03842927305009336,
        0.02855870034847241,
        0.02855870034847241,
        0.0913787221558959,
        0.035228825755020676,
        -0.02425587486248618,
        -0.02425587486248618,
        0.10105220043937109
    ],
    "Prior": [
        0.20759493670886076,
        0.22278481012658227,
        0.29240506329113924,
        0.2772151898734177
    ],
    "A": [
        -4.325904370077177,
        0.20234872133665036,
        0.20234872133665036,
        -2.164123506310579,
        -1.2207868090534444,
        -0.49105867067827635,
        2.0964116623737308,
        -4.650951839906985,
        0.20570090481954525,
        0.3720949371675654,
        -0.7605033591351646,
        -0.9766032509240664,
        -0.08070456809178919,
        0.1828796080156931,
        0.24610354226923944,
        -0.5613734178820534
    ],
    "b": [
        -7.122932805186159,
        -1.5981767037635661,
        0.18702348488490847,
        -0.08393565312355791,
        -0.10206048203018446,
        -1.7527025222611936,
        0.41892383327512467,
        0.18945528431689332
    ],
    "attractor": [
        -1.6560253846581119,
        -0.2020009947645671
    ],
    "att_all": [
        -1.6560253846581119,
        -0.2020009947645671
    ],
    "dt": 0.009028883790449416,
    "gripper_open": 0
}