{
    "name": "startreach2d",
    "K": 4,
    "M": 2,
    "Priors": [
        0.3855421686746988,
        0.24096385542168675,
        0.10843373493975904,
        0.26506024096385544
    ],
    "Mu": [
        0.8717999999999996,
        0.47330000000000017,
        0.31225252277884896,
        0.8354389734100968,
        0.1971610946092593,
        0.5437303228828969,
        0.30296712900637396,
        1.0234633654562164
    ],
    "Sigma": [
        0.038804328645144257,
        -0.021359426720299567,
        -0.021359426720299567,
        0.03303919697471311,
        0.0038425546214391447,
        -0.0012078065032970753,
        -0.001207806503297075,
        0.01470695127466558,
        0.010867248479052091,
        0.006731537822947328,
        0.006731537822947328,
        0.011604862664793703,
        0.00010230456982612216,
        7.369825971241807e-05,
        7.369825971241807e-05,
        0.00027077195221311885
    ],
    "A": [
        -6.942392111878487,
        -3.118953055495038,
        -3.118953055495038,
        -8.356996179164604,
        2.0343976509206363,
        2.731236227898816,
        -4.866519868962769,
        -4.543776283762388,
        -0.9903637166535226,
        6.216415345315838,
        -1.3502833720763183,
        -5.450689786726632,
        4.025946325729019,
        5.020619557768038,
        -8.021586298114904,
        -5.719676383344311
    ],
    "B": [
        7.528577924359823,
        6.674469565333909,
        -3.0662819787365487,
        6.3932013368603755,
        -2.0788302947630855,
        3.756988519831138,
        -5.886079243467572,
        9.700341766935441
    ],
    "attractor": [
        0.8717999999999996,
        0.47330000000000017
    ],
    "att_all": [
        0.8717999999999996,
        0.47330000000000017
    ],
    "dt": 0.016982393498968424,
    "gripper_open": 1,
    "joint": [
        0.1167,
        0.466,
        0.32073996302619195,
        0.670039963026192,
        0.28760296688695863,
        1.0057607831293578,
        0.30140216926246977,
        1.0436978307375302,
        0.8718,
        0.4733
    ]
}